user_id,age,gender,preferred_location,preferred_property_type,max_price,min_property_size,investment_history_project_id,invested_amount,investment_history_location,investment_history_property_type,investment_history_property_size
1,56,Male,Location1,Residential,4582685,198,4,177468,Location2,Residential,164
1,56,Male,Location1,Residential,4582685,198,30,68116,Location1,Residential,141
1,56,Male,Location1,Residential,4582685,198,5,240610,Location3,Residential,134
1,56,Male,Location1,Residential,4582685,198,45,389707,Location3,Residential,185
1,56,Male,Location1,Residential,4582685,198,18,397551,Location3,Residential,50
1,56,Male,Location1,Residential,4582685,198,15,369655,Location2,Residential,61
1,56,Male,Location1,Residential,4582685,198,17,292047,Location3,Commercial,151
1,56,Male,Location1,Residential,4582685,198,14,286910,Location2,Residential,179
1,56,Male,Location1,Residential,4582685,198,3,188473,Location1,Commercial,80
1,56,Male,Location1,Residential,4582685,198,19,337187,Location3,Commercial,124
1,56,Male,Location1,Residential,4582685,198,12,128710,Location1,Residential,64
1,56,Male,Location1,Residential,4582685,198,2,255712,Location3,Commercial,54
1,56,Male,Location1,Residential,4582685,198,49,399193,Location2,Commercial,152
1,56,Male,Location1,Residential,4582685,198,6,71112,Location3,Residential,157
2,31,Male,Location1,Commercial,23519533,188,25,107726,Location1,Commercial,197
2,31,Male,Location1,Commercial,23519533,188,36,230213,Location3,Residential,119
2,31,Male,Location1,Commercial,23519533,188,27,160097,Location2,Residential,98
2,31,Male,Location1,Commercial,23519533,188,33,279640,Location1,Residential,196
2,31,Male,Location1,Commercial,23519533,188,26,185421,Location3,Residential,154
2,31,Male,Location1,Commercial,23519533,188,45,262259,Location2,Residential,168
2,31,Male,Location1,Commercial,23519533,188,18,391006,Location2,Commercial,175
2,31,Male,Location1,Commercial,23519533,188,47,374889,Location2,Residential,124
2,31,Male,Location1,Commercial,23519533,188,13,51210,Location1,Residential,122
2,31,Male,Location1,Commercial,23519533,188,17,77253,Location2,Commercial,88
3,20,Female,Location3,Residential,45981673,146,44,242939,Location2,Residential,94
3,20,Female,Location3,Residential,45981673,146,9,143692,Location2,Commercial,166
3,20,Female,Location3,Residential,45981673,146,30,296886,Location2,Residential,69
3,20,Female,Location3,Residential,45981673,146,10,219589,Location3,Commercial,163
3,20,Female,Location3,Residential,45981673,146,15,283161,Location2,Residential,109
3,20,Female,Location3,Residential,45981673,146,47,153660,Location2,Residential,82
3,20,Female,Location3,Residential,45981673,146,45,85690,Location2,Residential,113
3,20,Female,Location3,Residential,45981673,146,26,284730,Location2,Residential,57
4,52,Male,Location1,Commercial,47475639,61,46,195010,Location3,Commercial,57
4,52,Male,Location1,Commercial,47475639,61,16,269634,Location2,Commercial,171
4,52,Male,Location1,Commercial,47475639,61,40,255078,Location2,Residential,175
4,52,Male,Location1,Commercial,47475639,61,12,176745,Location3,Commercial,60
4,52,Male,Location1,Commercial,47475639,61,18,87499,Location2,Residential,154
4,52,Male,Location1,Commercial,47475639,61,23,372051,Location1,Residential,124
4,52,Male,Location1,Commercial,47475639,61,6,226876,Location2,Residential,106
5,53,Male,Location2,Commercial,6434018,83,23,214106,Location1,Commercial,157
5,53,Male,Location2,Commercial,6434018,83,48,202984,Location3,Commercial,142
5,53,Male,Location2,Commercial,6434018,83,34,345319,Location1,Commercial,110
5,53,Male,Location2,Commercial,6434018,83,14,227140,Location1,Residential,171
5,53,Male,Location2,Commercial,6434018,83,1,386150,Location1,Commercial,63
5,53,Male,Location2,Commercial,6434018,83,12,83802,Location2,Commercial,59
5,53,Male,Location2,Commercial,6434018,83,2,263962,Location1,Commercial,165
5,53,Male,Location2,Commercial,6434018,83,15,156186,Location2,Commercial,69
5,53,Male,Location2,Commercial,6434018,83,11,395773,Location3,Commercial,147
5,53,Male,Location2,Commercial,6434018,83,36,267302,Location2,Commercial,62
5,53,Male,Location2,Commercial,6434018,83,6,387032,Location1,Commercial,108
5,53,Male,Location2,Commercial,6434018,83,50,249232,Location2,Residential,124
6,18,Female,Location1,Commercial,32187539,54,23,274388,Location2,Residential,67
6,18,Female,Location1,Commercial,32187539,54,44,110822,Location2,Residential,195
6,18,Female,Location1,Commercial,32187539,54,15,52470,Location1,Commercial,139
6,18,Female,Location1,Commercial,32187539,54,37,215760,Location3,Residential,66
6,18,Female,Location1,Commercial,32187539,54,26,153944,Location2,Residential,111
6,18,Female,Location1,Commercial,32187539,54,34,364303,Location1,Commercial,91
6,18,Female,Location1,Commercial,32187539,54,19,390030,Location2,Commercial,90
6,18,Female,Location1,Commercial,32187539,54,2,219028,Location1,Residential,123
6,18,Female,Location1,Commercial,32187539,54,50,89039,Location1,Commercial,120
6,18,Female,Location1,Commercial,32187539,54,16,362596,Location3,Commercial,114
6,18,Female,Location1,Commercial,32187539,54,12,315779,Location1,Commercial,134
7,27,Female,Location3,Commercial,17711471,80,49,395171,Location1,Residential,180
7,27,Female,Location3,Commercial,17711471,80,50,171327,Location3,Residential,155
7,27,Female,Location3,Commercial,17711471,80,44,106936,Location2,Residential,119
7,27,Female,Location3,Commercial,17711471,80,30,90303,Location3,Residential,86
7,27,Female,Location3,Commercial,17711471,80,5,50970,Location3,Residential,152
7,27,Female,Location3,Commercial,17711471,80,34,157922,Location2,Commercial,109
7,27,Female,Location3,Commercial,17711471,80,13,312248,Location1,Residential,60
8,30,Female,Location2,Commercial,38924512,111,8,360278,Location3,Commercial,54
8,30,Female,Location2,Commercial,38924512,111,23,163306,Location1,Residential,158
8,30,Female,Location2,Commercial,38924512,111,46,167305,Location2,Residential,120
8,30,Female,Location2,Commercial,38924512,111,10,163467,Location2,Commercial,80
8,30,Female,Location2,Commercial,38924512,111,50,132998,Location3,Commercial,130
8,30,Female,Location2,Commercial,38924512,111,26,381546,Location3,Residential,156
8,30,Female,Location2,Commercial,38924512,111,22,386523,Location1,Commercial,139
8,30,Female,Location2,Commercial,38924512,111,7,93604,Location1,Residential,99
8,30,Female,Location2,Commercial,38924512,111,39,387169,Location2,Commercial,164
8,30,Female,Location2,Commercial,38924512,111,24,136686,Location1,Commercial,170
9,67,Female,Location1,Commercial,47062230,123,5,348932,Location3,Commercial,124
9,67,Female,Location1,Commercial,47062230,123,32,397373,Location1,Residential,178
9,67,Female,Location1,Commercial,47062230,123,24,297931,Location3,Residential,185
9,67,Female,Location1,Commercial,47062230,123,34,134785,Location2,Commercial,77
9,67,Female,Location1,Commercial,47062230,123,27,337758,Location1,Commercial,56
9,67,Female,Location1,Commercial,47062230,123,15,242896,Location3,Commercial,59
9,67,Female,Location1,Commercial,47062230,123,37,140398,Location3,Commercial,93
9,67,Female,Location1,Commercial,47062230,123,47,165015,Location3,Commercial,122
9,67,Female,Location1,Commercial,47062230,123,41,394719,Location1,Residential,105
9,67,Female,Location1,Commercial,47062230,123,13,239894,Location1,Commercial,92
9,67,Female,Location1,Commercial,47062230,123,2,62544,Location3,Residential,165
9,67,Female,Location1,Commercial,47062230,123,43,182959,Location3,Residential,140
9,67,Female,Location1,Commercial,47062230,123,46,223847,Location3,Residential,193
9,67,Female,Location1,Commercial,47062230,123,31,305325,Location3,Residential,99
10,28,Male,Location1,Residential,36973970,53,26,129603,Location3,Commercial,194
10,28,Male,Location1,Residential,36973970,53,40,316981,Location1,Commercial,135
10,28,Male,Location1,Residential,36973970,53,14,230360,Location2,Commercial,183
10,28,Male,Location1,Residential,36973970,53,7,305970,Location3,Residential,193
10,28,Male,Location1,Residential,36973970,53,10,330300,Location2,Residential,51
10,28,Male,Location1,Residential,36973970,53,22,317622,Location3,Residential,105
10,28,Male,Location1,Residential,36973970,53,23,364812,Location3,Commercial,148
10,28,Male,Location1,Residential,36973970,53,12,317653,Location2,Commercial,138
10,28,Male,Location1,Residential,36973970,53,28,239334,Location1,Commercial,101
11,44,Male,Location1,Commercial,33657302,100,46,89163,Location3,Commercial,55
11,44,Male,Location1,Commercial,33657302,100,27,379912,Location2,Residential,151
11,44,Male,Location1,Commercial,33657302,100,23,75772,Location3,Commercial,117
11,44,Male,Location1,Commercial,33657302,100,48,224304,Location1,Commercial,127
11,44,Male,Location1,Commercial,33657302,100,5,342468,Location1,Commercial,88
11,44,Male,Location1,Commercial,33657302,100,8,192934,Location1,Residential,109
11,44,Male,Location1,Commercial,33657302,100,37,114610,Location3,Commercial,72
12,19,Male,Location3,Commercial,11025776,155,29,169467,Location2,Commercial,160
12,19,Male,Location3,Commercial,11025776,155,49,60143,Location2,Commercial,62
12,19,Male,Location3,Commercial,11025776,155,24,244566,Location1,Commercial,144
12,19,Male,Location3,Commercial,11025776,155,9,202603,Location3,Residential,174
12,19,Male,Location3,Commercial,11025776,155,45,333656,Location1,Residential,145
12,19,Male,Location3,Commercial,11025776,155,26,143553,Location1,Commercial,168
12,19,Male,Location3,Commercial,11025776,155,40,69865,Location3,Commercial,155
12,19,Male,Location3,Commercial,11025776,155,39,50415,Location3,Commercial,142
13,26,Male,Location1,Residential,36880912,74,50,257054,Location3,Commercial,190
13,26,Male,Location1,Residential,36880912,74,35,329766,Location2,Commercial,199
13,26,Male,Location1,Residential,36880912,74,2,326072,Location1,Residential,188
13,26,Male,Location1,Residential,36880912,74,8,156617,Location1,Commercial,105
13,26,Male,Location1,Residential,36880912,74,45,364741,Location3,Residential,68
13,26,Male,Location1,Residential,36880912,74,46,152104,Location1,Residential,144
13,26,Male,Location1,Residential,36880912,74,44,385419,Location2,Commercial,73
13,26,Male,Location1,Residential,36880912,74,47,50595,Location1,Commercial,75
13,26,Male,Location1,Residential,36880912,74,33,232901,Location1,Commercial,113
13,26,Male,Location1,Residential,36880912,74,17,166089,Location3,Residential,140
14,52,Female,Location3,Residential,39939026,146,14,148954,Location3,Commercial,87
14,52,Female,Location3,Residential,39939026,146,1,360563,Location1,Commercial,121
14,52,Female,Location3,Residential,39939026,146,19,349162,Location1,Residential,139
14,52,Female,Location3,Residential,39939026,146,38,230276,Location2,Residential,88
14,52,Female,Location3,Residential,39939026,146,17,337415,Location1,Residential,181
15,22,Male,Location1,Residential,25156261,57,25,389615,Location1,Commercial,142
15,22,Male,Location1,Residential,25156261,57,13,303846,Location3,Commercial,198
15,22,Male,Location1,Residential,25156261,57,33,376815,Location3,Residential,120
15,22,Male,Location1,Residential,25156261,57,31,187175,Location2,Residential,142
15,22,Male,Location1,Residential,25156261,57,12,235746,Location1,Commercial,134
15,22,Male,Location1,Residential,25156261,57,30,134945,Location3,Commercial,144
16,65,Male,Location2,Residential,25986239,66,41,265629,Location3,Residential,169
16,65,Male,Location2,Residential,25986239,66,43,192938,Location3,Commercial,66
16,65,Male,Location2,Residential,25986239,66,2,212187,Location2,Residential,82
16,65,Male,Location2,Residential,25986239,66,36,271846,Location1,Residential,170
16,65,Male,Location2,Residential,25986239,66,48,212890,Location2,Commercial,82
16,65,Male,Location2,Residential,25986239,66,16,231888,Location3,Commercial,105
16,65,Male,Location2,Residential,25986239,66,40,313619,Location2,Residential,103
16,65,Male,Location2,Residential,25986239,66,14,387644,Location1,Residential,91
16,65,Male,Location2,Residential,25986239,66,21,295082,Location2,Commercial,66
16,65,Male,Location2,Residential,25986239,66,9,125046,Location3,Commercial,116
16,65,Male,Location2,Residential,25986239,66,34,65963,Location1,Commercial,181
16,65,Male,Location2,Residential,25986239,66,44,51277,Location1,Residential,161
16,65,Male,Location2,Residential,25986239,66,28,360459,Location3,Residential,115
17,64,Female,Location1,Residential,15833200,186,30,212400,Location3,Residential,174
17,64,Female,Location1,Residential,15833200,186,32,337772,Location1,Residential,102
17,64,Female,Location1,Residential,15833200,186,47,240712,Location1,Commercial,71
17,64,Female,Location1,Residential,15833200,186,19,259897,Location3,Residential,142
17,64,Female,Location1,Residential,15833200,186,6,182894,Location2,Commercial,154
17,64,Female,Location1,Residential,15833200,186,17,127885,Location1,Residential,119
17,64,Female,Location1,Residential,15833200,186,42,209689,Location2,Commercial,111
17,64,Female,Location1,Residential,15833200,186,27,363001,Location1,Commercial,54
17,64,Female,Location1,Residential,15833200,186,28,367755,Location2,Residential,110
18,41,Female,Location3,Residential,17218515,125,42,229329,Location3,Residential,145
18,41,Female,Location3,Residential,17218515,125,25,118514,Location3,Residential,52
18,41,Female,Location3,Residential,17218515,125,22,219636,Location2,Residential,51
18,41,Female,Location3,Residential,17218515,125,45,206844,Location3,Commercial,173
18,41,Female,Location3,Residential,17218515,125,24,77931,Location2,Residential,66
18,41,Female,Location3,Residential,17218515,125,12,249061,Location3,Commercial,193
18,41,Female,Location3,Residential,17218515,125,48,153271,Location1,Commercial,195
18,41,Female,Location3,Residential,17218515,125,18,312152,Location2,Commercial,175
18,41,Female,Location3,Residential,17218515,125,38,358504,Location3,Commercial,132
18,41,Female,Location3,Residential,17218515,125,19,398605,Location1,Commercial,52
18,41,Female,Location3,Residential,17218515,125,50,110339,Location3,Residential,112
19,56,Male,Location3,Residential,33059563,157,32,373322,Location2,Residential,162
19,56,Male,Location3,Residential,33059563,157,1,241093,Location1,Residential,104
19,56,Male,Location3,Residential,33059563,157,40,85337,Location1,Commercial,189
19,56,Male,Location3,Residential,33059563,157,37,202738,Location3,Residential,159
19,56,Male,Location3,Residential,33059563,157,48,190449,Location2,Commercial,101
19,56,Male,Location3,Residential,33059563,157,25,122917,Location1,Commercial,88
19,56,Male,Location3,Residential,33059563,157,27,149063,Location2,Residential,142
19,56,Male,Location3,Residential,33059563,157,43,357454,Location3,Residential,104
19,56,Male,Location3,Residential,33059563,157,30,373857,Location3,Residential,105
19,56,Male,Location3,Residential,33059563,157,24,314665,Location3,Residential,96
19,56,Male,Location3,Residential,33059563,157,45,203099,Location2,Residential,119
19,56,Male,Location3,Residential,33059563,157,23,270065,Location2,Commercial,193
19,56,Male,Location3,Residential,33059563,157,33,64460,Location3,Residential,172
19,56,Male,Location3,Residential,33059563,157,34,295957,Location2,Residential,86
20,52,Male,Location1,Residential,49500884,174,7,72762,Location3,Residential,156
20,52,Male,Location1,Residential,49500884,174,11,253704,Location2,Commercial,87
20,52,Male,Location1,Residential,49500884,174,32,116434,Location3,Commercial,89
20,52,Male,Location1,Residential,49500884,174,35,314057,Location2,Residential,119
20,52,Male,Location1,Residential,49500884,174,44,191912,Location3,Commercial,174
20,52,Male,Location1,Residential,49500884,174,30,381489,Location1,Commercial,129
20,52,Male,Location1,Residential,49500884,174,15,60279,Location2,Residential,90
21,53,Male,Location2,Residential,17177308,128,7,260339,Location1,Residential,83
21,53,Male,Location2,Residential,17177308,128,22,176008,Location3,Commercial,122
21,53,Male,Location2,Residential,17177308,128,15,127529,Location3,Commercial,63
21,53,Male,Location2,Residential,17177308,128,3,322884,Location2,Commercial,175
21,53,Male,Location2,Residential,17177308,128,46,375290,Location2,Commercial,198
21,53,Male,Location2,Residential,17177308,128,31,247119,Location3,Commercial,140
21,53,Male,Location2,Residential,17177308,128,4,267977,Location1,Commercial,66
21,53,Male,Location2,Residential,17177308,128,35,160761,Location1,Commercial,87
21,53,Male,Location2,Residential,17177308,128,43,394551,Location3,Residential,115
21,53,Male,Location2,Residential,17177308,128,37,157510,Location3,Commercial,130
21,53,Male,Location2,Residential,17177308,128,25,382553,Location1,Commercial,109
21,53,Male,Location2,Residential,17177308,128,17,157399,Location1,Residential,130
21,53,Male,Location2,Residential,17177308,128,40,377969,Location3,Commercial,151
21,53,Male,Location2,Residential,17177308,128,27,102181,Location2,Residential,73
22,45,Female,Location3,Residential,18254360,186,6,359639,Location2,Residential,154
22,45,Female,Location3,Residential,18254360,186,15,211791,Location1,Residential,92
22,45,Female,Location3,Residential,18254360,186,34,247889,Location2,Residential,100
22,45,Female,Location3,Residential,18254360,186,47,340095,Location1,Residential,148
22,45,Female,Location3,Residential,18254360,186,37,174781,Location2,Commercial,189
22,45,Female,Location3,Residential,18254360,186,39,361935,Location3,Residential,121
22,45,Female,Location3,Residential,18254360,186,33,363558,Location1,Commercial,95
22,45,Female,Location3,Residential,18254360,186,49,368533,Location1,Commercial,166
22,45,Female,Location3,Residential,18254360,186,9,357487,Location2,Commercial,106
23,62,Male,Location3,Commercial,41729383,153,1,377063,Location2,Commercial,66
23,62,Male,Location3,Commercial,41729383,153,19,240862,Location1,Commercial,134
23,62,Male,Location3,Commercial,41729383,153,29,51343,Location1,Commercial,94
23,62,Male,Location3,Commercial,41729383,153,42,283133,Location2,Residential,176
23,62,Male,Location3,Commercial,41729383,153,30,384787,Location2,Commercial,155
24,21,Female,Location3,Commercial,47422087,179,19,303607,Location2,Commercial,120
24,21,Female,Location3,Commercial,47422087,179,48,312446,Location3,Residential,89
24,21,Female,Location3,Commercial,47422087,179,46,316917,Location3,Commercial,165
24,21,Female,Location3,Commercial,47422087,179,28,236422,Location2,Residential,169
24,21,Female,Location3,Commercial,47422087,179,40,161312,Location2,Residential,165
24,21,Female,Location3,Commercial,47422087,179,35,398137,Location2,Residential,112
24,21,Female,Location3,Commercial,47422087,179,26,172063,Location1,Commercial,111
24,21,Female,Location3,Commercial,47422087,179,27,345978,Location2,Residential,150
24,21,Female,Location3,Commercial,47422087,179,12,102922,Location1,Residential,137
24,21,Female,Location3,Commercial,47422087,179,45,303844,Location3,Residential,99
25,55,Female,Location2,Commercial,13631659,79,9,54151,Location1,Commercial,55
25,55,Female,Location2,Commercial,13631659,79,23,375251,Location3,Residential,166
25,55,Female,Location2,Commercial,13631659,79,22,180796,Location2,Residential,53
25,55,Female,Location2,Commercial,13631659,79,49,78943,Location3,Residential,123
25,55,Female,Location2,Commercial,13631659,79,6,162069,Location1,Commercial,131
25,55,Female,Location2,Commercial,13631659,79,28,187663,Location2,Residential,126
25,55,Female,Location2,Commercial,13631659,79,27,302484,Location1,Residential,79
26,40,Male,Location2,Commercial,33272864,134,19,371447,Location3,Residential,196
26,40,Male,Location2,Commercial,33272864,134,6,259612,Location2,Residential,59
26,40,Male,Location2,Commercial,33272864,134,18,285814,Location1,Commercial,88
26,40,Male,Location2,Commercial,33272864,134,39,374301,Location1,Commercial,149
26,40,Male,Location2,Commercial,33272864,134,23,161461,Location2,Commercial,90
26,40,Male,Location2,Commercial,33272864,134,43,272368,Location2,Commercial,142
26,40,Male,Location2,Commercial,33272864,134,48,206464,Location1,Residential,150
27,65,Male,Location1,Commercial,16983320,82,11,372436,Location2,Commercial,63
27,65,Male,Location1,Commercial,16983320,82,8,393349,Location2,Commercial,101
27,65,Male,Location1,Commercial,16983320,82,12,326561,Location1,Residential,110
27,65,Male,Location1,Commercial,16983320,82,13,259646,Location3,Residential,97
27,65,Male,Location1,Commercial,16983320,82,36,196566,Location2,Residential,161
27,65,Male,Location1,Commercial,16983320,82,46,163470,Location3,Commercial,103
27,65,Male,Location1,Commercial,16983320,82,25,312945,Location2,Commercial,51
27,65,Male,Location1,Commercial,16983320,82,6,87435,Location3,Residential,162
27,65,Male,Location1,Commercial,16983320,82,22,291446,Location1,Commercial,162
27,65,Male,Location1,Commercial,16983320,82,35,199158,Location1,Commercial,60
27,65,Male,Location1,Commercial,16983320,82,43,240854,Location1,Commercial,77
27,65,Male,Location1,Commercial,16983320,82,45,238287,Location2,Commercial,179
27,65,Male,Location1,Commercial,16983320,82,30,126995,Location2,Residential,51
28,38,Male,Location1,Residential,25360649,82,26,234771,Location2,Residential,134
28,38,Male,Location1,Residential,25360649,82,6,333722,Location2,Residential,82
28,38,Male,Location1,Residential,25360649,82,27,340530,Location1,Commercial,53
28,38,Male,Location1,Residential,25360649,82,7,395703,Location2,Residential,199
28,38,Male,Location1,Residential,25360649,82,46,280861,Location3,Residential,169
28,38,Male,Location1,Residential,25360649,82,32,252348,Location3,Commercial,189
28,38,Male,Location1,Residential,25360649,82,12,220265,Location2,Commercial,158
28,38,Male,Location1,Residential,25360649,82,11,176735,Location1,Commercial,188
28,38,Male,Location1,Residential,25360649,82,47,335578,Location1,Commercial,162
28,38,Male,Location1,Residential,25360649,82,14,238356,Location1,Residential,98
28,38,Male,Location1,Residential,25360649,82,21,109697,Location1,Residential,70
28,38,Male,Location1,Residential,25360649,82,17,373505,Location3,Residential,142
28,38,Male,Location1,Residential,25360649,82,5,394069,Location1,Commercial,196
28,38,Male,Location1,Residential,25360649,82,25,362194,Location2,Residential,76
29,62,Male,Location2,Commercial,43377129,57,6,178299,Location2,Commercial,169
29,62,Male,Location2,Commercial,43377129,57,4,127887,Location1,Residential,65
29,62,Male,Location2,Commercial,43377129,57,8,215548,Location2,Commercial,193
29,62,Male,Location2,Commercial,43377129,57,23,128426,Location3,Residential,189
29,62,Male,Location2,Commercial,43377129,57,16,113609,Location1,Residential,73
29,62,Male,Location2,Commercial,43377129,57,40,287965,Location2,Residential,180
30,69,Female,Location3,Residential,3939074,104,28,262770,Location2,Residential,65
30,69,Female,Location3,Residential,3939074,104,41,133227,Location3,Commercial,104
30,69,Female,Location3,Residential,3939074,104,18,291789,Location3,Residential,83
30,69,Female,Location3,Residential,3939074,104,24,331341,Location3,Commercial,111
30,69,Female,Location3,Residential,3939074,104,42,395570,Location3,Residential,136
30,69,Female,Location3,Residential,3939074,104,40,121491,Location2,Commercial,58
30,69,Female,Location3,Residential,3939074,104,30,119396,Location1,Residential,196
30,69,Female,Location3,Residential,3939074,104,44,124409,Location3,Commercial,132
30,69,Female,Location3,Residential,3939074,104,6,386566,Location1,Commercial,156
31,61,Male,Location1,Residential,19750909,53,4,184940,Location1,Commercial,159
31,61,Male,Location1,Residential,19750909,53,28,59559,Location2,Commercial,182
31,61,Male,Location1,Residential,19750909,53,33,198515,Location2,Residential,169
31,61,Male,Location1,Residential,19750909,53,31,158837,Location2,Commercial,135
31,61,Male,Location1,Residential,19750909,53,43,167434,Location2,Residential,96
31,61,Male,Location1,Residential,19750909,53,17,91995,Location3,Residential,169
31,61,Male,Location1,Residential,19750909,53,14,342684,Location3,Residential,193
31,61,Male,Location1,Residential,19750909,53,13,62082,Location2,Residential,84
31,61,Male,Location1,Residential,19750909,53,19,284063,Location2,Commercial,159
31,61,Male,Location1,Residential,19750909,53,32,294731,Location2,Commercial,138
32,20,Male,Location3,Commercial,28490499,160,22,298691,Location1,Residential,188
32,20,Male,Location3,Commercial,28490499,160,11,90740,Location2,Residential,138
32,20,Male,Location3,Commercial,28490499,160,39,395969,Location2,Residential,160
32,20,Male,Location3,Commercial,28490499,160,10,222897,Location2,Residential,127
32,20,Male,Location3,Commercial,28490499,160,12,361094,Location1,Commercial,100
32,20,Male,Location3,Commercial,28490499,160,4,397897,Location1,Commercial,59
32,20,Male,Location3,Commercial,28490499,160,5,165531,Location1,Commercial,182
32,20,Male,Location3,Commercial,28490499,160,19,267519,Location3,Residential,94
32,20,Male,Location3,Commercial,28490499,160,6,282789,Location2,Commercial,194
32,20,Male,Location3,Commercial,28490499,160,32,326634,Location2,Residential,63
32,20,Male,Location3,Commercial,28490499,160,9,220672,Location2,Residential,58
32,20,Male,Location3,Commercial,28490499,160,28,153732,Location3,Commercial,121
32,20,Male,Location3,Commercial,28490499,160,20,63276,Location3,Residential,114
33,24,Male,Location1,Commercial,38729130,90,44,272645,Location2,Residential,119
33,24,Male,Location1,Commercial,38729130,90,30,165671,Location1,Commercial,198
33,24,Male,Location1,Commercial,38729130,90,43,317361,Location3,Commercial,185
33,24,Male,Location1,Commercial,38729130,90,24,221359,Location2,Commercial,130
33,24,Male,Location1,Commercial,38729130,90,46,311418,Location1,Commercial,130
33,24,Male,Location1,Commercial,38729130,90,36,51067,Location3,Commercial,69
33,24,Male,Location1,Commercial,38729130,90,15,140758,Location1,Commercial,189
33,24,Male,Location1,Commercial,38729130,90,38,109921,Location2,Commercial,55
33,24,Male,Location1,Commercial,38729130,90,16,220921,Location3,Commercial,59
33,24,Male,Location1,Commercial,38729130,90,4,134725,Location1,Residential,75
34,45,Female,Location2,Residential,25564151,126,6,320154,Location3,Residential,114
34,45,Female,Location2,Residential,25564151,126,18,320868,Location2,Residential,198
34,45,Female,Location2,Residential,25564151,126,38,87609,Location3,Residential,91
34,45,Female,Location2,Residential,25564151,126,7,361014,Location1,Commercial,185
34,45,Female,Location2,Residential,25564151,126,36,215142,Location3,Commercial,173
34,45,Female,Location2,Residential,25564151,126,43,149730,Location3,Residential,140
34,45,Female,Location2,Residential,25564151,126,5,53348,Location1,Commercial,53
34,45,Female,Location2,Residential,25564151,126,19,295648,Location1,Commercial,125
34,45,Female,Location2,Residential,25564151,126,42,297037,Location3,Commercial,194
34,45,Female,Location2,Residential,25564151,126,39,292727,Location2,Residential,109
34,45,Female,Location2,Residential,25564151,126,23,294494,Location3,Commercial,140
35,36,Female,Location2,Commercial,33413886,121,50,263967,Location2,Commercial,181
35,36,Female,Location2,Commercial,33413886,121,31,189545,Location3,Residential,53
35,36,Female,Location2,Commercial,33413886,121,11,261276,Location1,Residential,142
35,36,Female,Location2,Commercial,33413886,121,5,301022,Location3,Commercial,52
35,36,Female,Location2,Commercial,33413886,121,26,201987,Location1,Residential,187
36,40,Female,Location2,Commercial,21998779,193,31,133011,Location1,Commercial,180
36,40,Female,Location2,Commercial,21998779,193,10,266011,Location1,Residential,164
36,40,Female,Location2,Commercial,21998779,193,34,115249,Location3,Residential,156
36,40,Female,Location2,Commercial,21998779,193,4,148989,Location2,Residential,147
36,40,Female,Location2,Commercial,21998779,193,15,166003,Location2,Residential,69
36,40,Female,Location2,Commercial,21998779,193,9,185263,Location1,Residential,157
36,40,Female,Location2,Commercial,21998779,193,36,121001,Location3,Residential,146
36,40,Female,Location2,Commercial,21998779,193,40,313884,Location2,Commercial,54
36,40,Female,Location2,Commercial,21998779,193,11,164658,Location2,Commercial,183
36,40,Female,Location2,Commercial,21998779,193,14,94321,Location1,Residential,122
36,40,Female,Location2,Commercial,21998779,193,39,313199,Location3,Commercial,117
36,40,Female,Location2,Commercial,21998779,193,49,314895,Location1,Commercial,199
36,40,Female,Location2,Commercial,21998779,193,28,166555,Location2,Commercial,59
36,40,Female,Location2,Commercial,21998779,193,29,281334,Location3,Residential,108
37,48,Male,Location3,Residential,17754876,160,32,368549,Location1,Residential,100
37,48,Male,Location3,Residential,17754876,160,23,258027,Location3,Residential,132
37,48,Male,Location3,Residential,17754876,160,5,354230,Location3,Commercial,95
37,48,Male,Location3,Residential,17754876,160,28,74670,Location2,Residential,172
37,48,Male,Location3,Residential,17754876,160,42,63832,Location1,Residential,170
37,48,Male,Location3,Residential,17754876,160,24,124273,Location1,Commercial,105
37,48,Male,Location3,Residential,17754876,160,19,235436,Location2,Residential,137
38,64,Female,Location1,Residential,938417,79,26,180153,Location1,Residential,154
38,64,Female,Location1,Residential,938417,79,36,208191,Location1,Commercial,124
38,64,Female,Location1,Residential,938417,79,41,290903,Location1,Residential,83
38,64,Female,Location1,Residential,938417,79,18,342768,Location3,Residential,126
38,64,Female,Location1,Residential,938417,79,11,354789,Location1,Residential,142
38,64,Female,Location1,Residential,938417,79,47,183276,Location1,Residential,139
38,64,Female,Location1,Residential,938417,79,4,87008,Location3,Residential,116
38,64,Female,Location1,Residential,938417,79,21,85916,Location2,Residential,86
39,33,Male,Location1,Residential,32389534,128,28,117485,Location3,Commercial,196
39,33,Male,Location1,Residential,32389534,128,27,167334,Location2,Residential,158
39,33,Male,Location1,Residential,32389534,128,9,345023,Location1,Commercial,51
39,33,Male,Location1,Residential,32389534,128,11,264279,Location2,Residential,141
39,33,Male,Location1,Residential,32389534,128,39,78468,Location1,Commercial,80
39,33,Male,Location1,Residential,32389534,128,10,280445,Location3,Residential,158
40,19,Male,Location3,Residential,9586343,164,41,285225,Location1,Commercial,96
40,19,Male,Location3,Residential,9586343,164,21,155787,Location2,Commercial,168
40,19,Male,Location3,Residential,9586343,164,1,101850,Location1,Residential,154
40,19,Male,Location3,Residential,9586343,164,9,238788,Location3,Residential,115
40,19,Male,Location3,Residential,9586343,164,13,292488,Location3,Commercial,174
40,19,Male,Location3,Residential,9586343,164,43,133854,Location3,Commercial,68
40,19,Male,Location3,Residential,9586343,164,36,212626,Location1,Commercial,171
40,19,Male,Location3,Residential,9586343,164,23,179670,Location3,Residential,191
40,19,Male,Location3,Residential,9586343,164,29,165552,Location2,Commercial,94
40,19,Male,Location3,Residential,9586343,164,45,88991,Location2,Commercial,67
40,19,Male,Location3,Residential,9586343,164,15,121631,Location3,Residential,154
40,19,Male,Location3,Residential,9586343,164,16,210867,Location2,Commercial,156
40,19,Male,Location3,Residential,9586343,164,44,283261,Location2,Residential,125
41,55,Female,Location1,Residential,23041752,196,37,64427,Location3,Residential,107
41,55,Female,Location1,Residential,23041752,196,13,127561,Location2,Residential,70
41,55,Female,Location1,Residential,23041752,196,12,144206,Location1,Commercial,125
41,55,Female,Location1,Residential,23041752,196,11,90619,Location1,Commercial,98
41,55,Female,Location1,Residential,23041752,196,35,171225,Location1,Residential,67
41,55,Female,Location1,Residential,23041752,196,5,368950,Location3,Commercial,63
41,55,Female,Location1,Residential,23041752,196,2,161893,Location2,Commercial,149
41,55,Female,Location1,Residential,23041752,196,19,50363,Location3,Residential,124
41,55,Female,Location1,Residential,23041752,196,36,141106,Location3,Residential,93
42,60,Male,Location3,Commercial,19962550,59,34,208083,Location1,Residential,151
42,60,Male,Location3,Commercial,19962550,59,15,238521,Location3,Residential,84
42,60,Male,Location3,Commercial,19962550,59,35,185731,Location3,Residential,144
42,60,Male,Location3,Commercial,19962550,59,18,132843,Location3,Residential,175
42,60,Male,Location3,Commercial,19962550,59,26,76871,Location1,Commercial,149
42,60,Male,Location3,Commercial,19962550,59,44,265709,Location3,Commercial,168
42,60,Male,Location3,Commercial,19962550,59,28,115283,Location3,Commercial,93
42,60,Male,Location3,Commercial,19962550,59,8,52781,Location1,Commercial,101
42,60,Male,Location3,Commercial,19962550,59,46,391901,Location2,Residential,104
42,60,Male,Location3,Commercial,19962550,59,37,292978,Location3,Commercial,109
42,60,Male,Location3,Commercial,19962550,59,7,235791,Location2,Commercial,148
42,60,Male,Location3,Commercial,19962550,59,42,279443,Location1,Commercial,80
42,60,Male,Location3,Commercial,19962550,59,14,186124,Location3,Commercial,165
42,60,Male,Location3,Commercial,19962550,59,25,240401,Location1,Residential,96
43,64,Male,Location2,Commercial,23008836,193,3,379328,Location2,Residential,80
43,64,Male,Location2,Commercial,23008836,193,22,51381,Location2,Commercial,127
43,64,Male,Location2,Commercial,23008836,193,16,238847,Location1,Residential,143
43,64,Male,Location2,Commercial,23008836,193,24,149123,Location3,Commercial,105
43,64,Male,Location2,Commercial,23008836,193,34,140883,Location1,Commercial,185
43,64,Male,Location2,Commercial,23008836,193,10,278036,Location3,Residential,62
43,64,Male,Location2,Commercial,23008836,193,31,209926,Location3,Residential,143
43,64,Male,Location2,Commercial,23008836,193,2,382841,Location2,Residential,120
43,64,Male,Location2,Commercial,23008836,193,25,361532,Location3,Commercial,171
43,64,Male,Location2,Commercial,23008836,193,12,368674,Location2,Residential,82
43,64,Male,Location2,Commercial,23008836,193,49,244958,Location3,Commercial,106
44,39,Female,Location1,Commercial,31742148,182,5,352445,Location3,Residential,150
44,39,Female,Location1,Commercial,31742148,182,44,136837,Location1,Residential,164
44,39,Female,Location1,Commercial,31742148,182,46,289555,Location3,Residential,96
44,39,Female,Location1,Commercial,31742148,182,19,172130,Location1,Residential,138
44,39,Female,Location1,Commercial,31742148,182,15,287513,Location3,Residential,108
44,39,Female,Location1,Commercial,31742148,182,43,298073,Location1,Commercial,157
44,39,Female,Location1,Commercial,31742148,182,23,181620,Location2,Commercial,124
44,39,Female,Location1,Commercial,31742148,182,27,332027,Location1,Residential,172
44,39,Female,Location1,Commercial,31742148,182,40,247572,Location1,Commercial,116
44,39,Female,Location1,Commercial,31742148,182,4,326932,Location2,Residential,199
45,47,Male,Location2,Commercial,36515106,50,47,345151,Location1,Commercial,117
45,47,Male,Location2,Commercial,36515106,50,17,183904,Location1,Residential,168
45,47,Male,Location2,Commercial,36515106,50,38,238499,Location1,Residential,177
45,47,Male,Location2,Commercial,36515106,50,7,61608,Location1,Commercial,150
45,47,Male,Location2,Commercial,36515106,50,43,184268,Location1,Residential,161
46,67,Male,Location3,Residential,17181810,155,50,112953,Location3,Commercial,169
46,67,Male,Location3,Residential,17181810,155,31,267314,Location3,Commercial,71
46,67,Male,Location3,Residential,17181810,155,40,398149,Location2,Residential,186
46,67,Male,Location3,Residential,17181810,155,43,221771,Location3,Commercial,55
46,67,Male,Location3,Residential,17181810,155,12,149245,Location1,Commercial,189
47,62,Male,Location2,Commercial,29178059,151,46,253328,Location1,Commercial,143
47,62,Male,Location2,Commercial,29178059,151,10,87483,Location1,Residential,124
47,62,Male,Location2,Commercial,29178059,151,29,255033,Location1,Residential,192
47,62,Male,Location2,Commercial,29178059,151,42,134953,Location2,Commercial,189
47,62,Male,Location2,Commercial,29178059,151,14,102347,Location1,Residential,122
47,62,Male,Location2,Commercial,29178059,151,38,137176,Location3,Commercial,89
47,62,Male,Location2,Commercial,29178059,151,31,256196,Location2,Commercial,116
48,34,Female,Location3,Residential,11836476,89,8,235609,Location1,Commercial,63
48,34,Female,Location3,Residential,11836476,89,27,172207,Location2,Commercial,99
48,34,Female,Location3,Residential,11836476,89,6,287549,Location3,Commercial,161
48,34,Female,Location3,Residential,11836476,89,3,377414,Location2,Residential,57
48,34,Female,Location3,Residential,11836476,89,32,224260,Location1,Residential,154
48,34,Female,Location3,Residential,11836476,89,39,338204,Location1,Commercial,82
48,34,Female,Location3,Residential,11836476,89,10,153574,Location3,Residential,134
48,34,Female,Location3,Residential,11836476,89,41,122657,Location3,Residential,61
48,34,Female,Location3,Residential,11836476,89,22,294509,Location2,Residential,86
48,34,Female,Location3,Residential,11836476,89,42,339244,Location3,Commercial,59
48,34,Female,Location3,Residential,11836476,89,7,66021,Location1,Commercial,85
49,57,Female,Location1,Commercial,49855259,55,29,222188,Location1,Residential,170
49,57,Female,Location1,Commercial,49855259,55,21,80535,Location3,Residential,188
49,57,Female,Location1,Commercial,49855259,55,47,183706,Location3,Commercial,168
49,57,Female,Location1,Commercial,49855259,55,15,354927,Location1,Residential,172
49,57,Female,Location1,Commercial,49855259,55,17,83128,Location2,Commercial,141
49,57,Female,Location1,Commercial,49855259,55,48,126046,Location1,Commercial,58
49,57,Female,Location1,Commercial,49855259,55,5,164595,Location2,Residential,141
49,57,Female,Location1,Commercial,49855259,55,11,86316,Location3,Commercial,100
49,57,Female,Location1,Commercial,49855259,55,12,345365,Location2,Residential,64
50,65,Male,Location3,Residential,1959115,95,43,335960,Location3,Commercial,107
50,65,Male,Location3,Residential,1959115,95,48,128854,Location3,Commercial,191
50,65,Male,Location3,Residential,1959115,95,20,65224,Location3,Residential,125
50,65,Male,Location3,Residential,1959115,95,16,57072,Location1,Commercial,105
50,65,Male,Location3,Residential,1959115,95,6,228871,Location1,Commercial,123
50,65,Male,Location3,Residential,1959115,95,41,192364,Location2,Commercial,182
51,53,Female,Location3,Commercial,2570860,127,43,206811,Location1,Commercial,149
51,53,Female,Location3,Commercial,2570860,127,16,361541,Location1,Commercial,103
51,53,Female,Location3,Commercial,2570860,127,17,188595,Location2,Residential,111
51,53,Female,Location3,Commercial,2570860,127,24,131562,Location3,Residential,57
51,53,Female,Location3,Commercial,2570860,127,35,341880,Location2,Commercial,176
52,33,Female,Location3,Residential,7713181,87,2,57973,Location3,Residential,152
52,33,Female,Location3,Residential,7713181,87,43,131860,Location3,Commercial,155
52,33,Female,Location3,Residential,7713181,87,5,173624,Location2,Residential,148
52,33,Female,Location3,Residential,7713181,87,12,332431,Location2,Residential,188
52,33,Female,Location3,Residential,7713181,87,30,257729,Location3,Commercial,80
52,33,Female,Location3,Residential,7713181,87,33,157321,Location2,Commercial,147
53,21,Female,Location2,Residential,23920324,156,24,174952,Location2,Commercial,132
53,21,Female,Location2,Residential,23920324,156,1,392698,Location1,Residential,144
53,21,Female,Location2,Residential,23920324,156,48,325432,Location1,Commercial,59
53,21,Female,Location2,Residential,23920324,156,18,338523,Location2,Residential,93
53,21,Female,Location2,Residential,23920324,156,35,249364,Location3,Commercial,80
53,21,Female,Location2,Residential,23920324,156,17,117288,Location1,Residential,130
53,21,Female,Location2,Residential,23920324,156,13,297997,Location2,Residential,152
53,21,Female,Location2,Residential,23920324,156,21,198927,Location1,Commercial,73
53,21,Female,Location2,Residential,23920324,156,31,179448,Location3,Commercial,187
54,46,Female,Location1,Commercial,17921117,162,8,105137,Location3,Commercial,76
54,46,Female,Location1,Commercial,17921117,162,26,113148,Location1,Residential,82
54,46,Female,Location1,Commercial,17921117,162,25,274677,Location2,Residential,139
54,46,Female,Location1,Commercial,17921117,162,48,137725,Location1,Residential,115
54,46,Female,Location1,Commercial,17921117,162,2,365361,Location3,Residential,171
54,46,Female,Location1,Commercial,17921117,162,14,155006,Location3,Commercial,60
54,46,Female,Location1,Commercial,17921117,162,27,312523,Location3,Residential,82
54,46,Female,Location1,Commercial,17921117,162,11,168769,Location3,Residential,148
54,46,Female,Location1,Commercial,17921117,162,19,333468,Location3,Residential,184
55,49,Male,Location3,Residential,1742798,133,12,306644,Location3,Commercial,119
55,49,Male,Location3,Residential,1742798,133,15,345477,Location3,Residential,136
55,49,Male,Location3,Residential,1742798,133,23,347970,Location2,Residential,81
55,49,Male,Location3,Residential,1742798,133,19,192440,Location1,Commercial,143
55,49,Male,Location3,Residential,1742798,133,44,257911,Location3,Residential,63
55,49,Male,Location3,Residential,1742798,133,11,339205,Location2,Commercial,59
55,49,Male,Location3,Residential,1742798,133,35,306145,Location2,Residential,95
55,49,Male,Location3,Residential,1742798,133,41,118189,Location3,Residential,111
55,49,Male,Location3,Residential,1742798,133,8,210951,Location3,Residential,61
55,49,Male,Location3,Residential,1742798,133,25,361874,Location1,Residential,126
56,25,Male,Location3,Residential,17456839,179,38,143380,Location3,Commercial,131
56,25,Male,Location3,Residential,17456839,179,27,295702,Location2,Residential,111
56,25,Male,Location3,Residential,17456839,179,39,237132,Location1,Commercial,99
56,25,Male,Location3,Residential,17456839,179,35,253259,Location3,Residential,150
56,25,Male,Location3,Residential,17456839,179,43,187972,Location1,Residential,55
57,44,Male,Location2,Residential,19493413,140,5,64399,Location2,Commercial,195
57,44,Male,Location2,Residential,19493413,140,32,168259,Location3,Residential,163
57,44,Male,Location2,Residential,19493413,140,12,94959,Location3,Residential,95
57,44,Male,Location2,Residential,19493413,140,41,319584,Location1,Residential,101
57,44,Male,Location2,Residential,19493413,140,6,180820,Location1,Commercial,128
57,44,Male,Location2,Residential,19493413,140,39,118134,Location1,Commercial,190
57,44,Male,Location2,Residential,19493413,140,8,236203,Location1,Residential,79
57,44,Male,Location2,Residential,19493413,140,20,168026,Location2,Residential,147
57,44,Male,Location2,Residential,19493413,140,40,179696,Location1,Residential,84
58,49,Male,Location2,Commercial,47230480,85,42,392284,Location3,Commercial,79
58,49,Male,Location2,Commercial,47230480,85,43,354827,Location3,Residential,142
58,49,Male,Location2,Commercial,47230480,85,12,249138,Location2,Residential,171
58,49,Male,Location2,Commercial,47230480,85,9,214249,Location1,Commercial,144
58,49,Male,Location2,Commercial,47230480,85,44,109344,Location1,Residential,153
58,49,Male,Location2,Commercial,47230480,85,20,166538,Location2,Residential,57
58,49,Male,Location2,Commercial,47230480,85,39,52328,Location2,Commercial,188
58,49,Male,Location2,Commercial,47230480,85,35,89843,Location3,Commercial,146
58,49,Male,Location2,Commercial,47230480,85,22,165270,Location3,Residential,93
58,49,Male,Location2,Commercial,47230480,85,8,386171,Location2,Residential,160
58,49,Male,Location2,Commercial,47230480,85,28,303740,Location2,Commercial,108
58,49,Male,Location2,Commercial,47230480,85,34,243614,Location3,Commercial,151
58,49,Male,Location2,Commercial,47230480,85,26,209492,Location3,Residential,89
59,21,Female,Location2,Commercial,39216550,56,44,331013,Location2,Residential,148
59,21,Female,Location2,Commercial,39216550,56,33,371845,Location2,Commercial,123
59,21,Female,Location2,Commercial,39216550,56,24,262992,Location1,Residential,156
59,21,Female,Location2,Commercial,39216550,56,40,245800,Location1,Residential,167
59,21,Female,Location2,Commercial,39216550,56,32,358755,Location1,Residential,81
59,21,Female,Location2,Commercial,39216550,56,46,109595,Location3,Residential,114
59,21,Female,Location2,Commercial,39216550,56,20,112872,Location3,Commercial,112
59,21,Female,Location2,Commercial,39216550,56,7,121779,Location1,Commercial,100
60,45,Male,Location3,Residential,48087682,179,17,212954,Location3,Residential,129
60,45,Male,Location3,Residential,48087682,179,36,78438,Location3,Residential,165
60,45,Male,Location3,Residential,48087682,179,3,275901,Location3,Commercial,152
60,45,Male,Location3,Residential,48087682,179,5,315915,Location2,Commercial,127
60,45,Male,Location3,Residential,48087682,179,37,90468,Location1,Residential,140
60,45,Male,Location3,Residential,48087682,179,45,101220,Location3,Residential,77
61,21,Male,Location2,Commercial,13330066,182,39,156919,Location1,Commercial,187
61,21,Male,Location2,Commercial,13330066,182,37,302548,Location3,Commercial,105
61,21,Male,Location2,Commercial,13330066,182,15,243629,Location2,Residential,116
61,21,Male,Location2,Commercial,13330066,182,25,52825,Location3,Commercial,136
61,21,Male,Location2,Commercial,13330066,182,40,337247,Location1,Commercial,130
61,21,Male,Location2,Commercial,13330066,182,22,369802,Location1,Commercial,161
61,21,Male,Location2,Commercial,13330066,182,34,308627,Location2,Residential,68
61,21,Male,Location2,Commercial,13330066,182,18,247014,Location1,Commercial,177
61,21,Male,Location2,Commercial,13330066,182,12,343330,Location2,Commercial,155
61,21,Male,Location2,Commercial,13330066,182,21,123333,Location2,Residential,95
61,21,Male,Location2,Commercial,13330066,182,43,211390,Location1,Residential,181
61,21,Male,Location2,Commercial,13330066,182,38,164395,Location1,Commercial,191
62,28,Male,Location2,Commercial,21973382,198,43,82429,Location2,Residential,70
62,28,Male,Location2,Commercial,21973382,198,7,53973,Location1,Commercial,56
62,28,Male,Location2,Commercial,21973382,198,19,155160,Location1,Commercial,102
62,28,Male,Location2,Commercial,21973382,198,10,191437,Location1,Commercial,62
62,28,Male,Location2,Commercial,21973382,198,47,229716,Location2,Residential,57
62,28,Male,Location2,Commercial,21973382,198,36,206744,Location3,Commercial,62
63,48,Male,Location3,Residential,5173375,123,24,59445,Location2,Commercial,160
63,48,Male,Location3,Residential,5173375,123,35,221687,Location1,Commercial,72
63,48,Male,Location3,Residential,5173375,123,29,304125,Location2,Residential,90
63,48,Male,Location3,Residential,5173375,123,9,352646,Location3,Commercial,113
63,48,Male,Location3,Residential,5173375,123,48,226908,Location1,Commercial,54
63,48,Male,Location3,Residential,5173375,123,46,293264,Location3,Commercial,173
63,48,Male,Location3,Residential,5173375,123,44,355423,Location3,Residential,67
63,48,Male,Location3,Residential,5173375,123,3,247563,Location3,Residential,188
63,48,Male,Location3,Residential,5173375,123,5,322491,Location3,Commercial,144
63,48,Male,Location3,Residential,5173375,123,37,256559,Location3,Residential,115
63,48,Male,Location3,Residential,5173375,123,19,342144,Location1,Residential,52
63,48,Male,Location3,Residential,5173375,123,11,228336,Location2,Commercial,186
64,41,Male,Location2,Commercial,14093279,101,11,197433,Location1,Commercial,171
64,41,Male,Location2,Commercial,14093279,101,23,138180,Location3,Residential,162
64,41,Male,Location2,Commercial,14093279,101,40,157832,Location1,Commercial,70
64,41,Male,Location2,Commercial,14093279,101,24,224383,Location1,Commercial,54
64,41,Male,Location2,Commercial,14093279,101,35,56028,Location2,Residential,194
64,41,Male,Location2,Commercial,14093279,101,32,122536,Location3,Commercial,128
64,41,Male,Location2,Commercial,14093279,101,43,120723,Location2,Residential,61
64,41,Male,Location2,Commercial,14093279,101,45,68564,Location1,Commercial,198
64,41,Male,Location2,Commercial,14093279,101,47,150721,Location1,Commercial,132
64,41,Male,Location2,Commercial,14093279,101,5,263071,Location2,Residential,169
64,41,Male,Location2,Commercial,14093279,101,34,117773,Location1,Commercial,169
64,41,Male,Location2,Commercial,14093279,101,41,198789,Location1,Commercial,99
64,41,Male,Location2,Commercial,14093279,101,13,175321,Location1,Residential,171
65,34,Male,Location3,Commercial,23002334,187,48,209629,Location3,Commercial,192
65,34,Male,Location3,Commercial,23002334,187,24,373069,Location3,Commercial,160
65,34,Male,Location3,Commercial,23002334,187,41,316383,Location3,Commercial,198
65,34,Male,Location3,Commercial,23002334,187,38,392456,Location3,Commercial,91
65,34,Male,Location3,Commercial,23002334,187,31,100384,Location3,Residential,77
65,34,Male,Location3,Commercial,23002334,187,23,172772,Location1,Residential,166
65,34,Male,Location3,Commercial,23002334,187,15,262672,Location1,Residential,51
66,39,Female,Location3,Commercial,40234070,72,26,314717,Location2,Residential,115
66,39,Female,Location3,Commercial,40234070,72,17,308057,Location1,Commercial,88
66,39,Female,Location3,Commercial,40234070,72,45,193508,Location3,Commercial,90
66,39,Female,Location3,Commercial,40234070,72,21,389124,Location3,Commercial,198
66,39,Female,Location3,Commercial,40234070,72,30,257278,Location1,Commercial,73
66,39,Female,Location3,Commercial,40234070,72,34,136935,Location1,Commercial,97
66,39,Female,Location3,Commercial,40234070,72,15,274745,Location3,Commercial,73
67,39,Male,Location1,Commercial,48467061,99,47,344647,Location2,Commercial,110
67,39,Male,Location1,Commercial,48467061,99,11,130123,Location1,Residential,106
67,39,Male,Location1,Commercial,48467061,99,49,387797,Location1,Commercial,68
67,39,Male,Location1,Commercial,48467061,99,18,270459,Location3,Commercial,177
67,39,Male,Location1,Commercial,48467061,99,17,275940,Location2,Residential,137
67,39,Male,Location1,Commercial,48467061,99,9,318699,Location2,Commercial,124
67,39,Male,Location1,Commercial,48467061,99,41,318149,Location1,Commercial,182
67,39,Male,Location1,Commercial,48467061,99,46,285605,Location3,Commercial,70
67,39,Male,Location1,Commercial,48467061,99,24,317655,Location2,Commercial,69
68,28,Female,Location2,Commercial,31106598,93,39,183412,Location3,Residential,85
68,28,Female,Location2,Commercial,31106598,93,3,269949,Location2,Commercial,188
68,28,Female,Location2,Commercial,31106598,93,38,336738,Location2,Commercial,62
68,28,Female,Location2,Commercial,31106598,93,48,173660,Location2,Residential,83
68,28,Female,Location2,Commercial,31106598,93,6,102073,Location3,Residential,178
69,32,Male,Location3,Commercial,42698317,112,39,361985,Location1,Residential,86
69,32,Male,Location3,Commercial,42698317,112,23,307542,Location2,Commercial,52
69,32,Male,Location3,Commercial,42698317,112,5,146026,Location1,Residential,174
69,32,Male,Location3,Commercial,42698317,112,20,267278,Location1,Commercial,166
69,32,Male,Location3,Commercial,42698317,112,32,50085,Location2,Residential,136
70,57,Male,Location3,Commercial,17415349,92,44,241477,Location3,Commercial,94
70,57,Male,Location3,Commercial,17415349,92,17,127752,Location2,Commercial,58
70,57,Male,Location3,Commercial,17415349,92,24,189672,Location1,Commercial,55
70,57,Male,Location3,Commercial,17415349,92,45,88923,Location2,Residential,136
70,57,Male,Location3,Commercial,17415349,92,6,107533,Location3,Residential,66
70,57,Male,Location3,Commercial,17415349,92,20,250105,Location1,Residential,123
70,57,Male,Location3,Commercial,17415349,92,25,92541,Location2,Residential,104
70,57,Male,Location3,Commercial,17415349,92,48,279932,Location2,Commercial,69
70,57,Male,Location3,Commercial,17415349,92,4,367276,Location3,Commercial,121
70,57,Male,Location3,Commercial,17415349,92,12,226217,Location1,Residential,163
71,67,Female,Location2,Residential,18697325,131,36,395254,Location2,Residential,79
71,67,Female,Location2,Residential,18697325,131,18,237206,Location1,Commercial,144
71,67,Female,Location2,Residential,18697325,131,11,143090,Location2,Commercial,56
71,67,Female,Location2,Residential,18697325,131,40,270039,Location3,Residential,148
71,67,Female,Location2,Residential,18697325,131,17,225680,Location2,Residential,118
71,67,Female,Location2,Residential,18697325,131,7,359901,Location1,Commercial,101
71,67,Female,Location2,Residential,18697325,131,37,248003,Location2,Commercial,62
71,67,Female,Location2,Residential,18697325,131,13,386085,Location1,Commercial,51
71,67,Female,Location2,Residential,18697325,131,21,331676,Location1,Commercial,105
71,67,Female,Location2,Residential,18697325,131,32,327805,Location2,Residential,102
71,67,Female,Location2,Residential,18697325,131,10,97753,Location3,Residential,189
72,38,Female,Location1,Residential,38913391,153,5,222645,Location1,Commercial,68
72,38,Female,Location1,Residential,38913391,153,44,383788,Location3,Commercial,56
72,38,Female,Location1,Residential,38913391,153,49,96308,Location1,Commercial,106
72,38,Female,Location1,Residential,38913391,153,28,127566,Location2,Residential,161
72,38,Female,Location1,Residential,38913391,153,50,52836,Location3,Residential,89
72,38,Female,Location1,Residential,38913391,153,7,361069,Location3,Commercial,115
72,38,Female,Location1,Residential,38913391,153,24,248729,Location1,Residential,79
73,36,Female,Location3,Commercial,14438275,120,9,363693,Location2,Residential,163
73,36,Female,Location3,Commercial,14438275,120,36,190465,Location2,Residential,180
73,36,Female,Location3,Commercial,14438275,120,2,262455,Location3,Commercial,177
73,36,Female,Location3,Commercial,14438275,120,16,190167,Location2,Commercial,179
73,36,Female,Location3,Commercial,14438275,120,48,335675,Location2,Residential,89
73,36,Female,Location3,Commercial,14438275,120,13,133686,Location1,Residential,64
73,36,Female,Location3,Commercial,14438275,120,22,398340,Location3,Commercial,52
73,36,Female,Location3,Commercial,14438275,120,10,111787,Location3,Residential,167
73,36,Female,Location3,Commercial,14438275,120,14,360320,Location2,Residential,168
74,64,Male,Location3,Residential,23146096,67,23,233666,Location1,Residential,184
74,64,Male,Location3,Residential,23146096,67,7,246690,Location2,Commercial,137
74,64,Male,Location3,Residential,23146096,67,36,189522,Location3,Residential,165
74,64,Male,Location3,Residential,23146096,67,14,384751,Location3,Residential,116
74,64,Male,Location3,Residential,23146096,67,29,100502,Location1,Residential,150
74,64,Male,Location3,Residential,23146096,67,17,188494,Location1,Commercial,89
74,64,Male,Location3,Residential,23146096,67,13,114271,Location1,Commercial,151
74,64,Male,Location3,Residential,23146096,67,3,305765,Location3,Commercial,97
74,64,Male,Location3,Residential,23146096,67,46,240855,Location2,Residential,146
75,64,Male,Location3,Commercial,19038933,80,46,277624,Location1,Commercial,176
75,64,Male,Location3,Commercial,19038933,80,22,249919,Location1,Commercial,141
75,64,Male,Location3,Commercial,19038933,80,24,365557,Location1,Commercial,118
75,64,Male,Location3,Commercial,19038933,80,1,122424,Location3,Commercial,61
75,64,Male,Location3,Commercial,19038933,80,7,346734,Location2,Commercial,170
75,64,Male,Location3,Commercial,19038933,80,2,142804,Location3,Residential,186
75,64,Male,Location3,Commercial,19038933,80,39,77591,Location2,Residential,85
75,64,Male,Location3,Commercial,19038933,80,35,90211,Location3,Residential,113
75,64,Male,Location3,Commercial,19038933,80,42,336884,Location1,Residential,161
75,64,Male,Location3,Commercial,19038933,80,27,315654,Location3,Residential,77
75,64,Male,Location3,Commercial,19038933,80,33,293187,Location3,Residential,71
75,64,Male,Location3,Commercial,19038933,80,49,289515,Location2,Residential,135
76,61,Female,Location3,Commercial,26637067,76,45,280204,Location2,Commercial,149
76,61,Female,Location3,Commercial,26637067,76,27,229197,Location3,Residential,136
76,61,Female,Location3,Commercial,26637067,76,41,303384,Location3,Commercial,161
76,61,Female,Location3,Commercial,26637067,76,48,84223,Location2,Residential,162
76,61,Female,Location3,Commercial,26637067,76,9,76418,Location2,Residential,113
76,61,Female,Location3,Commercial,26637067,76,26,125819,Location2,Commercial,88
77,25,Male,Location3,Commercial,401357,165,42,139779,Location3,Commercial,146
77,25,Male,Location3,Commercial,401357,165,18,180444,Location1,Commercial,94
77,25,Male,Location3,Commercial,401357,165,38,290271,Location2,Residential,164
77,25,Male,Location3,Commercial,401357,165,2,153019,Location1,Commercial,124
77,25,Male,Location3,Commercial,401357,165,39,339994,Location2,Commercial,198
77,25,Male,Location3,Commercial,401357,165,4,174705,Location3,Residential,52
77,25,Male,Location3,Commercial,401357,165,46,329032,Location3,Residential,176
77,25,Male,Location3,Commercial,401357,165,23,325020,Location1,Residential,68
77,25,Male,Location3,Commercial,401357,165,7,286061,Location2,Commercial,157
77,25,Male,Location3,Commercial,401357,165,8,282812,Location3,Residential,169
77,25,Male,Location3,Commercial,401357,165,48,223658,Location1,Commercial,71
77,25,Male,Location3,Commercial,401357,165,27,147573,Location3,Commercial,127
77,25,Male,Location3,Commercial,401357,165,40,95401,Location3,Commercial,136
77,25,Male,Location3,Commercial,401357,165,36,259485,Location2,Commercial,69
78,66,Female,Location1,Commercial,18820402,177,12,189776,Location2,Residential,93
78,66,Female,Location1,Commercial,18820402,177,34,80228,Location2,Residential,75
78,66,Female,Location1,Commercial,18820402,177,18,62574,Location3,Residential,187
78,66,Female,Location1,Commercial,18820402,177,13,221237,Location2,Residential,135
78,66,Female,Location1,Commercial,18820402,177,8,89751,Location1,Commercial,55
78,66,Female,Location1,Commercial,18820402,177,11,177023,Location1,Residential,130
78,66,Female,Location1,Commercial,18820402,177,40,156947,Location3,Residential,72
78,66,Female,Location1,Commercial,18820402,177,27,71956,Location1,Residential,68
78,66,Female,Location1,Commercial,18820402,177,43,226435,Location3,Commercial,60
78,66,Female,Location1,Commercial,18820402,177,33,280158,Location2,Commercial,72
78,66,Female,Location1,Commercial,18820402,177,5,144173,Location3,Residential,164
78,66,Female,Location1,Commercial,18820402,177,21,83613,Location3,Commercial,191
78,66,Female,Location1,Commercial,18820402,177,49,185542,Location1,Commercial,167
79,34,Female,Location1,Commercial,48183029,180,47,235296,Location3,Commercial,173
79,34,Female,Location1,Commercial,48183029,180,42,254456,Location2,Commercial,53
79,34,Female,Location1,Commercial,48183029,180,30,384590,Location1,Commercial,156
79,34,Female,Location1,Commercial,48183029,180,29,182091,Location1,Residential,178
79,34,Female,Location1,Commercial,48183029,180,38,240760,Location3,Residential,102
79,34,Female,Location1,Commercial,48183029,180,3,381891,Location1,Commercial,100
79,34,Female,Location1,Commercial,48183029,180,21,154277,Location3,Commercial,159
79,34,Female,Location1,Commercial,48183029,180,2,286877,Location1,Residential,120
80,64,Female,Location3,Residential,35684017,192,49,291830,Location1,Commercial,142
80,64,Female,Location3,Residential,35684017,192,32,141831,Location2,Commercial,162
80,64,Female,Location3,Residential,35684017,192,36,323911,Location2,Commercial,142
80,64,Female,Location3,Residential,35684017,192,15,225682,Location1,Commercial,100
80,64,Female,Location3,Residential,35684017,192,17,354648,Location2,Residential,55
80,64,Female,Location3,Residential,35684017,192,5,82783,Location1,Residential,147
80,64,Female,Location3,Residential,35684017,192,25,136481,Location3,Residential,155
80,64,Female,Location3,Residential,35684017,192,33,315736,Location1,Residential,77
80,64,Female,Location3,Residential,35684017,192,26,148910,Location2,Commercial,85
80,64,Female,Location3,Residential,35684017,192,31,329841,Location1,Commercial,115
80,64,Female,Location3,Residential,35684017,192,24,355308,Location1,Commercial,104
80,64,Female,Location3,Residential,35684017,192,50,161186,Location1,Commercial,139
80,64,Female,Location3,Residential,35684017,192,45,240505,Location2,Residential,56
80,64,Female,Location3,Residential,35684017,192,9,151971,Location3,Residential,128
81,19,Female,Location2,Commercial,29852187,70,15,217376,Location2,Residential,60
81,19,Female,Location2,Commercial,29852187,70,39,170643,Location2,Commercial,76
81,19,Female,Location2,Commercial,29852187,70,37,69291,Location3,Commercial,76
81,19,Female,Location2,Commercial,29852187,70,4,277050,Location3,Commercial,140
81,19,Female,Location2,Commercial,29852187,70,22,327064,Location3,Commercial,198
81,19,Female,Location2,Commercial,29852187,70,29,143503,Location1,Residential,147
81,19,Female,Location2,Commercial,29852187,70,48,90885,Location3,Residential,63
81,19,Female,Location2,Commercial,29852187,70,1,322055,Location1,Commercial,182
81,19,Female,Location2,Commercial,29852187,70,26,182849,Location1,Residential,66
82,64,Male,Location2,Commercial,43024107,146,9,371252,Location1,Residential,120
82,64,Male,Location2,Commercial,43024107,146,24,300046,Location2,Commercial,70
82,64,Male,Location2,Commercial,43024107,146,21,366684,Location1,Commercial,104
82,64,Male,Location2,Commercial,43024107,146,18,314738,Location2,Residential,92
82,64,Male,Location2,Commercial,43024107,146,8,226450,Location2,Residential,144
82,64,Male,Location2,Commercial,43024107,146,33,224387,Location2,Commercial,193
83,41,Female,Location1,Residential,13090539,160,38,115576,Location2,Residential,82
83,41,Female,Location1,Residential,13090539,160,30,300567,Location2,Commercial,98
83,41,Female,Location1,Residential,13090539,160,6,256331,Location3,Residential,167
83,41,Female,Location1,Residential,13090539,160,26,388953,Location3,Commercial,105
83,41,Female,Location1,Residential,13090539,160,18,59597,Location1,Commercial,53
83,41,Female,Location1,Residential,13090539,160,11,220070,Location1,Residential,106
83,41,Female,Location1,Residential,13090539,160,8,248680,Location3,Residential,71
83,41,Female,Location1,Residential,13090539,160,21,193244,Location2,Residential,151
83,41,Female,Location1,Residential,13090539,160,12,222328,Location3,Residential,166
83,41,Female,Location1,Residential,13090539,160,35,104312,Location2,Residential,142
84,26,Male,Location3,Commercial,23695392,86,34,69236,Location1,Residential,87
84,26,Male,Location3,Commercial,23695392,86,45,118455,Location3,Residential,164
84,26,Male,Location3,Commercial,23695392,86,36,93716,Location2,Commercial,194
84,26,Male,Location3,Commercial,23695392,86,47,363861,Location2,Residential,87
84,26,Male,Location3,Commercial,23695392,86,21,351968,Location3,Commercial,109
84,26,Male,Location3,Commercial,23695392,86,23,202810,Location3,Residential,77
84,26,Male,Location3,Commercial,23695392,86,26,387194,Location2,Residential,50
84,26,Male,Location3,Commercial,23695392,86,9,163469,Location2,Residential,172
85,58,Female,Location3,Commercial,22716179,121,12,297140,Location1,Residential,151
85,58,Female,Location3,Commercial,22716179,121,29,182577,Location3,Residential,156
85,58,Female,Location3,Commercial,22716179,121,7,206025,Location3,Residential,199
85,58,Female,Location3,Commercial,22716179,121,26,368260,Location2,Commercial,171
85,58,Female,Location3,Commercial,22716179,121,4,270840,Location3,Commercial,99
85,58,Female,Location3,Commercial,22716179,121,15,147797,Location3,Residential,83
85,58,Female,Location3,Commercial,22716179,121,46,130033,Location2,Residential,145
85,58,Female,Location3,Commercial,22716179,121,33,319699,Location2,Residential,130
85,58,Female,Location3,Commercial,22716179,121,34,355011,Location1,Commercial,169
85,58,Female,Location3,Commercial,22716179,121,9,282171,Location2,Residential,189
85,58,Female,Location3,Commercial,22716179,121,25,245747,Location3,Residential,177
86,23,Female,Location1,Commercial,37323445,73,2,91502,Location3,Residential,151
86,23,Female,Location1,Commercial,37323445,73,41,233963,Location1,Residential,172
86,23,Female,Location1,Commercial,37323445,73,46,181100,Location2,Residential,78
86,23,Female,Location1,Commercial,37323445,73,43,201933,Location3,Commercial,195
86,23,Female,Location1,Commercial,37323445,73,23,290495,Location1,Commercial,145
86,23,Female,Location1,Commercial,37323445,73,38,395744,Location1,Residential,160
86,23,Female,Location1,Commercial,37323445,73,18,309994,Location2,Residential,143
86,23,Female,Location1,Commercial,37323445,73,27,347657,Location1,Residential,123
86,23,Female,Location1,Commercial,37323445,73,15,174834,Location1,Residential,193
86,23,Female,Location1,Commercial,37323445,73,39,53797,Location2,Residential,78
86,23,Female,Location1,Commercial,37323445,73,12,298875,Location1,Residential,74
87,69,Male,Location1,Residential,47510757,107,33,188144,Location3,Residential,107
87,69,Male,Location1,Residential,47510757,107,17,255896,Location3,Residential,66
87,69,Male,Location1,Residential,47510757,107,24,206035,Location1,Residential,155
87,69,Male,Location1,Residential,47510757,107,21,273930,Location2,Residential,163
87,69,Male,Location1,Residential,47510757,107,11,332210,Location2,Commercial,111
87,69,Male,Location1,Residential,47510757,107,25,111201,Location3,Residential,104
87,69,Male,Location1,Residential,47510757,107,15,120649,Location1,Residential,171
87,69,Male,Location1,Residential,47510757,107,32,61048,Location1,Commercial,62
87,69,Male,Location1,Residential,47510757,107,48,104067,Location2,Commercial,152
88,29,Male,Location1,Residential,33268395,146,20,336974,Location1,Residential,196
88,29,Male,Location1,Residential,33268395,146,46,135374,Location3,Residential,74
88,29,Male,Location1,Residential,33268395,146,6,289528,Location2,Residential,84
88,29,Male,Location1,Residential,33268395,146,50,79561,Location2,Commercial,127
88,29,Male,Location1,Residential,33268395,146,45,147397,Location1,Residential,71
89,24,Male,Location2,Residential,20338583,99,34,288033,Location3,Commercial,84
89,24,Male,Location2,Residential,20338583,99,19,263502,Location2,Residential,95
89,24,Male,Location2,Residential,20338583,99,11,305515,Location1,Residential,54
89,24,Male,Location2,Residential,20338583,99,10,62177,Location1,Residential,106
89,24,Male,Location2,Residential,20338583,99,27,246008,Location1,Commercial,79
89,24,Male,Location2,Residential,20338583,99,28,276336,Location3,Commercial,118
89,24,Male,Location2,Residential,20338583,99,45,290674,Location2,Residential,152
89,24,Male,Location2,Residential,20338583,99,24,324528,Location1,Commercial,71
89,24,Male,Location2,Residential,20338583,99,20,281313,Location1,Residential,86
89,24,Male,Location2,Residential,20338583,99,5,129625,Location1,Commercial,148
89,24,Male,Location2,Residential,20338583,99,32,246267,Location1,Residential,91
89,24,Male,Location2,Residential,20338583,99,15,348522,Location2,Commercial,180
89,24,Male,Location2,Residential,20338583,99,48,126453,Location2,Residential,184
89,24,Male,Location2,Residential,20338583,99,4,74843,Location1,Residential,108
90,64,Male,Location3,Commercial,13496218,132,26,121736,Location2,Commercial,113
90,64,Male,Location3,Commercial,13496218,132,34,75256,Location1,Commercial,146
90,64,Male,Location3,Commercial,13496218,132,18,338047,Location1,Residential,133
90,64,Male,Location3,Commercial,13496218,132,10,86795,Location2,Residential,152
90,64,Male,Location3,Commercial,13496218,132,28,245429,Location2,Commercial,167
90,64,Male,Location3,Commercial,13496218,132,39,52444,Location3,Commercial,184
90,64,Male,Location3,Commercial,13496218,132,9,339781,Location1,Residential,93
90,64,Male,Location3,Commercial,13496218,132,12,74940,Location2,Commercial,81
91,62,Male,Location2,Commercial,17820201,109,39,148870,Location2,Commercial,84
91,62,Male,Location2,Commercial,17820201,109,45,231987,Location1,Commercial,87
91,62,Male,Location2,Commercial,17820201,109,9,204345,Location3,Commercial,124
91,62,Male,Location2,Commercial,17820201,109,2,315556,Location3,Commercial,197
91,62,Male,Location2,Commercial,17820201,109,5,398544,Location1,Commercial,113
91,62,Male,Location2,Commercial,17820201,109,6,159840,Location1,Commercial,124
91,62,Male,Location2,Commercial,17820201,109,1,350946,Location1,Residential,191
91,62,Male,Location2,Commercial,17820201,109,34,337010,Location3,Residential,79
91,62,Male,Location2,Commercial,17820201,109,32,230803,Location2,Commercial,142
91,62,Male,Location2,Commercial,17820201,109,23,366688,Location3,Residential,63
92,24,Male,Location3,Residential,35613316,86,47,108314,Location2,Commercial,109
92,24,Male,Location3,Residential,35613316,86,18,60596,Location3,Residential,141
92,24,Male,Location3,Residential,35613316,86,49,309430,Location2,Residential,60
92,24,Male,Location3,Residential,35613316,86,24,356209,Location2,Residential,167
92,24,Male,Location3,Residential,35613316,86,15,364335,Location1,Commercial,113
92,24,Male,Location3,Residential,35613316,86,45,314518,Location1,Commercial,119
92,24,Male,Location3,Residential,35613316,86,43,77143,Location2,Commercial,165
92,24,Male,Location3,Residential,35613316,86,21,282777,Location3,Commercial,116
93,66,Female,Location3,Commercial,13901647,68,43,236866,Location3,Residential,109
93,66,Female,Location3,Commercial,13901647,68,46,146544,Location2,Commercial,180
93,66,Female,Location3,Commercial,13901647,68,33,319764,Location2,Residential,112
93,66,Female,Location3,Commercial,13901647,68,2,361994,Location3,Commercial,182
93,66,Female,Location3,Commercial,13901647,68,49,354100,Location3,Commercial,166
93,66,Female,Location3,Commercial,13901647,68,7,269470,Location3,Commercial,50
94,61,Female,Location3,Commercial,23566946,192,50,361354,Location1,Residential,162
94,61,Female,Location3,Commercial,23566946,192,4,336158,Location1,Residential,102
94,61,Female,Location3,Commercial,23566946,192,9,363007,Location1,Residential,166
94,61,Female,Location3,Commercial,23566946,192,28,335047,Location1,Residential,161
94,61,Female,Location3,Commercial,23566946,192,24,373570,Location1,Commercial,116
94,61,Female,Location3,Commercial,23566946,192,23,185636,Location3,Residential,119
94,61,Female,Location3,Commercial,23566946,192,19,128305,Location3,Residential,191
94,61,Female,Location3,Commercial,23566946,192,16,279735,Location1,Residential,118
94,61,Female,Location3,Commercial,23566946,192,42,164504,Location1,Commercial,138
94,61,Female,Location3,Commercial,23566946,192,29,394327,Location2,Residential,141
95,55,Male,Location2,Residential,35213493,179,26,205850,Location1,Residential,125
95,55,Male,Location2,Residential,35213493,179,25,102503,Location3,Residential,179
95,55,Male,Location2,Residential,35213493,179,44,273480,Location1,Commercial,164
95,55,Male,Location2,Residential,35213493,179,29,346536,Location2,Commercial,175
95,55,Male,Location2,Residential,35213493,179,40,187311,Location1,Commercial,186
95,55,Male,Location2,Residential,35213493,179,12,276512,Location3,Residential,122
95,55,Male,Location2,Residential,35213493,179,30,131075,Location3,Commercial,92
95,55,Male,Location2,Residential,35213493,179,47,54721,Location3,Residential,100
95,55,Male,Location2,Residential,35213493,179,2,296309,Location2,Commercial,83
95,55,Male,Location2,Residential,35213493,179,13,193721,Location3,Commercial,124
95,55,Male,Location2,Residential,35213493,179,10,157912,Location1,Commercial,117
95,55,Male,Location2,Residential,35213493,179,16,348068,Location2,Residential,158
95,55,Male,Location2,Residential,35213493,179,48,208823,Location1,Residential,106
95,55,Male,Location2,Residential,35213493,179,37,324262,Location2,Commercial,184
96,24,Female,Location2,Commercial,34989050,69,34,260382,Location3,Residential,106
96,24,Female,Location2,Commercial,34989050,69,42,396317,Location3,Commercial,111
96,24,Female,Location2,Commercial,34989050,69,33,221623,Location1,Commercial,103
96,24,Female,Location2,Commercial,34989050,69,41,91142,Location2,Residential,83
96,24,Female,Location2,Commercial,34989050,69,20,65025,Location2,Residential,171
96,24,Female,Location2,Commercial,34989050,69,16,112764,Location2,Commercial,136
96,24,Female,Location2,Commercial,34989050,69,19,164066,Location3,Residential,89
96,24,Female,Location2,Commercial,34989050,69,27,397285,Location2,Residential,91
96,24,Female,Location2,Commercial,34989050,69,38,326570,Location1,Commercial,140
96,24,Female,Location2,Commercial,34989050,69,4,105834,Location2,Commercial,172
96,24,Female,Location2,Commercial,34989050,69,47,361811,Location1,Residential,131
96,24,Female,Location2,Commercial,34989050,69,13,114623,Location2,Commercial,168
96,24,Female,Location2,Commercial,34989050,69,8,187268,Location2,Commercial,118
97,40,Female,Location3,Commercial,42954768,87,20,343917,Location2,Commercial,72
97,40,Female,Location3,Commercial,42954768,87,8,189473,Location3,Residential,167
97,40,Female,Location3,Commercial,42954768,87,7,390837,Location1,Commercial,136
97,40,Female,Location3,Commercial,42954768,87,48,158199,Location3,Commercial,95
97,40,Female,Location3,Commercial,42954768,87,34,274459,Location2,Residential,106
97,40,Female,Location3,Commercial,42954768,87,12,177583,Location1,Residential,67
97,40,Female,Location3,Commercial,42954768,87,9,189999,Location3,Residential,168
97,40,Female,Location3,Commercial,42954768,87,35,388242,Location3,Commercial,54
97,40,Female,Location3,Commercial,42954768,87,37,314746,Location2,Residential,107
98,43,Male,Location2,Residential,5832889,152,50,299511,Location3,Residential,96
98,43,Male,Location2,Residential,5832889,152,39,357036,Location3,Commercial,88
98,43,Male,Location2,Residential,5832889,152,48,172962,Location2,Residential,120
98,43,Male,Location2,Residential,5832889,152,46,313248,Location3,Commercial,67
98,43,Male,Location2,Residential,5832889,152,29,381578,Location1,Commercial,61
98,43,Male,Location2,Residential,5832889,152,43,227586,Location2,Commercial,149
99,37,Male,Location2,Commercial,7637084,110,1,346210,Location2,Commercial,156
99,37,Male,Location2,Commercial,7637084,110,24,76813,Location3,Residential,123
99,37,Male,Location2,Commercial,7637084,110,42,229732,Location2,Residential,195
99,37,Male,Location2,Commercial,7637084,110,4,275669,Location2,Commercial,129
99,37,Male,Location2,Commercial,7637084,110,21,245640,Location2,Residential,169
99,37,Male,Location2,Commercial,7637084,110,3,391021,Location2,Commercial,190
99,37,Male,Location2,Commercial,7637084,110,32,387719,Location3,Commercial,137
99,37,Male,Location2,Commercial,7637084,110,2,387397,Location2,Residential,189
99,37,Male,Location2,Commercial,7637084,110,15,340731,Location1,Commercial,95
99,37,Male,Location2,Commercial,7637084,110,44,50207,Location3,Residential,52
99,37,Male,Location2,Commercial,7637084,110,8,201447,Location2,Residential,167
99,37,Male,Location2,Commercial,7637084,110,9,197489,Location1,Residential,186
100,58,Female,Location3,Commercial,3905898,188,14,90516,Location3,Commercial,141
100,58,Female,Location3,Commercial,3905898,188,1,51181,Location3,Commercial,80
100,58,Female,Location3,Commercial,3905898,188,2,268931,Location3,Commercial,58
100,58,Female,Location3,Commercial,3905898,188,18,157092,Location3,Commercial,69
100,58,Female,Location3,Commercial,3905898,188,39,347971,Location3,Residential,70
100,58,Female,Location3,Commercial,3905898,188,27,293659,Location3,Residential,136
100,58,Female,Location3,Commercial,3905898,188,25,217104,Location1,Commercial,190
